Name,EmailAddress,PhoneNumber,DateOfBirth,PassportNumber
John Michael Doe,john.doe@example.com,555-1234,1980-01-01,P12345678
Jane Smith,jane.smith@example.com,555-5678,1985-02-02,P23456789
Michael Andrew Johnson,michael.johnson@example.com,555-8765,1990-03-03,P34567890
Emily Davis,emily.davis@example.com,555-4321,1995-04-04,P45678901
David Martinez,david.martinez@example.com,555-6789,1982-05-05,P56789012
Sarah Lopez,sarah.lopez@example.com,555-9876,1987-06-06,P67890123
James Robert Gonzalez,james.gonzalez@example.com,555-5432,1992-07-07,P78901234
Laura Wilson,laura.wilson@example.com,555-2109,1997-08-08,P89012345
Robert Anderson,robert.anderson@example.com,555-6543,1981-09-09,P90123456
Linda Thomas,linda.thomas@example.com,555-3210,1986-10-10,P01234567
William Jackson,william.jackson@example.com,555-7890,1991-11-11,P12345679
Jessica White,jessica.white@example.com,555-0987,1996-12-12,P23456780
Charles Harris,charles.harris@example.com,555-4567,1983-01-13,P34567891
Karen Martin,karen.martin@example.com,555-7654,1988-02-14,P45678902
Joseph Thompson,joseph.thompson@example.com,555-2345,1993-03-15,P56789013
Nancy Garcia,nancy.garcia@example.com,555-8765,1998-04-16,P67890124
Thomas Martinez,thomas.martinez@example.com,555-5432,1984-05-17,P78901235
Betty Robinson,betty.robinson@example.com,555-2109,1989-06-18,P89012346
Christopher Clark,christopher.clark@example.com,555-6543,1994-07-19,P90123457
Sandra Rodriguez,sandra.rodriguez@example.com,555-3210,1999-08-20,P01234568
Daniel Lewis,daniel.lewis@example.com,555-7890,1985-09-21,P12345680
Ashley Lee,ashley.lee@example.com,555-0987,1990-10-22,P23456781
Matthew Walker,matthew.walker@example.com,555-4567,1995-11-23,P34567892
Kimberly Hall,kimberly.hall@example.com,555-7654,1981-12-24,P45678903
Anthony Allen,anthony.allen@example.com,555-2345,1986-01-25,P56789014
Donna Young,donna.young@example.com,555-8765,1991-02-26,P67890125
Mark Hernandez,mark.hernandez@example.com,555-5432,1996-03-27,P78901236
Patricia King,patricia.king@example.com,555-2109,1982-04-28,P89012347
Steven Wright,steven.wright@example.com,555-6543,1987-05-29,P90123458
Barbara Lopez,barbara.lopez@example.com,555-3210,1992-06-30,P01234569
Paul Scott,paul.scott@example.com,555-7890,1997-07-31,P12345681
Susan Green,susan.green@example.com,555-0987,1983-08-01,P23456782
Andrew Adams,andrew.adams@example.com,555-4567,1988-09-02,P34567893
Margaret Baker,margaret.baker@example.com,555-7654,1993-10-03,P45678904
Joshua Nelson,joshua.nelson@example.com,555-2345,1998-11-04,P56789015
Dorothy Carter,dorothy.carter@example.com,555-8765,1984-12-05,P67890126
Kevin Mitchell,kevin.mitchell@example.com,555-5432,1989-01-06,P78901237
Lisa Perez,lisa.perez@example.com,555-2109,1994-02-07,P89012348
Brian Roberts,brian.roberts@example.com,555-6543,1999-03-08,P90123459
Karen Turner,karen.turner@example.com,555-3210,1985-04-09,P01234570
Edward Phillips,edward.phillips@example.com,555-7890,1990-05-10,P12345682
Helen Campbell,helen.campbell@example.com,555-0987,1995-06-11,P23456783
George Parker,george.parker@example.com,555-4567,1981-07-12,P34567894
Deborah Evans,deborah.evans@example.com,555-7654,1986-08-13,P45678905
Ronald Edwards,ronald.edwards@example.com,555-2345,1991-09-14,P56789016
Sharon Collins,sharon.collins@example.com,555-8765,1996-10-15,P67890127
Kenneth Stewart,kenneth.stewart@example.com,555-5432,1982-11-16,P78901238
Michelle Sanchez,michelle.sanchez@example.com,555-2109,1987-12-17,P89012349
Jason Morris,jason.morris@example.com,555-6543,1992-01-18,P90123460
Laura Rogers,laura.rogers@example.com,555-3210,1997-02-19,P01234571
Jeffrey Reed,jeffrey.reed@example.com,555-7890,1983-03-20,P12345683
Cynthia Cook,cynthia.cook@example.com,555-0987,1988-04-21,P23456784
Ryan Morgan,ryan.morgan@example.com,555-4567,1993-05-22,P34567895
Angela Bell,angela.bell@example.com,555-7654,1998-06-23,P45678906
Gary Murphy,gary.murphy@example.com,555-2345,1984-07-24,P56789017
Melissa Bailey,melissa.bailey@example.com,555-8765,1989-08-25,P67890128
Eric Rivera,eric.rivera@example.com,555-5432,1994-09-26,P78901239
Stephanie Cooper,stephanie.cooper@example.com,555-2109,1999-10-27,P89012350
Jacob Richardson,jacob.richardson@example.com,555-6543,1985-11-28,P90123461
Rebecca Cox,rebecca.cox@example.com,555-3210,1990-12-29,P01234572
Nicholas Howard,nicholas.howard@example.com,555-7890,1995-01-30,P12345684
Amy Ward,amy.ward@example.com,555-0987,1981-02-31,P23456785
Jonathan Torres,jonathan.torres@example.com,555-4567,1986-03-01,P34567896
Shirley Peterson,shirley.peterson@example.com,555-7654,1991-04-02,P45678907
Larry Gray,larry.gray@example.com,555-2345,1996-05-03,P56789018
Anna Ramirez,anna.ramirez@example.com,555-8765,1982-06-04,P67890129
Scott James,scott.james@example.com,555-5432,1987-07-05,P78901240
Brenda Watson,brenda.watson@example.com,555-2109,1992-08-06,P89012351
Frank Brooks,frank.brooks@example.com,555-6543,1997-09-07,P90123462
Pamela Kelly,pamela.kelly@example.com,555-3210,1983-10-08,P01234573
Benjamin Sanders,benjamin.sanders@example.com,555-7890,1988-11-09,P12345685
Kathleen Price,kathleen.price@example.com,555-0987,1993-12-10,P23456786
Patrick Bennett,patrick.bennett@example.com,555-4567,1998-01-11,P34567897
Carol Barnes,carol.barnes@example.com,555-7654,1984-02-12,P45678908
Alexander Ross,alexander.ross@example.com,555-2345,1989-03-13,P56789019
Martha Henderson,martha.henderson@example.com,555-8765,1994-04-14,P67890130
Jack Cole,jack.cole@example.com,555-5432,1999-05-15,P78901241
Debra Jenkins,debra.jenkins@example.com,555-2109,1985-06-16,P89012352
Dennis Perry,dennis.perry@example.com,555-6543,1990-07-17,P90123463
Janet Butler,janet.butler@example.com,555-3210,1995-08-18,P01234574
Jerry Barnes,jerry.barnes@example.com,555-7890,1981-09-19,P12345686
Christine Fisher,christine.fisher@example.com,555-0987,1986-10-20,P23456787
Walter Ellis,walter.ellis@example.com,555-4567,1991-11-21,P34567898
Samantha Harrison,samantha.harrison@example.com,555-7654,1996-12-22,P45678909
Peter Alexander,peter.alexander@example.com,555-2345,1982-01-23,P56789020
Carolyn Greene,carolyn.greene@example.com,555-8765,1987-02-24,P67890131
Henry Lawrence,henry.lawrence@example.com,555-5432,1992-03-25,P78901242
Janice Griffin,janice.griffin@example.com,555-2109,1997-04-26,P89012353
Douglas Dixon,douglas.dixon@example.com,555-6543,1983-05-27,P90123464
Marie Hayes,marie.hayes@example.com,555-3210,1988-06-28,P01234575
Arthur Myers,arthur.myers@example.com,555-7890,1993-07-29,P12345687
Alice Ford,alice.ford@example.com,555-0987,1998-08-30,P23456788
Wayne Hamilton,wayne.hamilton@example.com,555-4567,1984-09-31,P34567899